Workbook

Sheet Cover
B2: PlatinumRx DA Assignment
B4: Spreadsheet Proficiency - Ticket Analysis
B7: Sheet Index
B8: Sheet Name | C8: Description
B9: ticket | C9: Raw ticket data with creation and closure timestamps
B10: feedbacks | C10: Customer feedback data with VLOOKUP to fetch ticket creation time
B11: Analysis | C11: Outlet-wise analysis of same-day and same-hour ticket closures

Sheet ticket
B2: ticket_id | C2: created_at | D2: closed_at | E2: outlet_id | F2: cms_id
B3: isu-sjd-457 | C3: 2021-08-19 16:45:43 | D3: 2021-08-22 12:33:32 | E3: wrqy-juv-978 | F3: vew-iuvd-12
B4: qer-fal-092 | C4: 2021-08-21 11:09:22 | D4: 2021-08-21 17:13:45 | E4: 8woh-k3u-23b | F4: xpl-mno-345
B5: tyu-ghj-123 | C5: 2021-08-22 09:30:00 | D5: 2021-08-22 09:45:00 | E5: wrqy-juv-978 | F5: abc-def-678
B6: vbn-fgh-456 | C6: 2021-08-23 14:20:00 | D6: 2021-08-24 10:00:00 | E6: xyz-pqr-901 | F6: ghi-jkl-234
B7: asd-zxc-789 | C7: 2021-08-24 08:15:00 | D7: 2021-08-24 08:30:00 | E7: 8woh-k3u-23b | F7: mno-pqr-567
B8: qwe-rty-012 | C8: 2021-08-25 16:00:00 | D8: 2021-08-25 18:30:00 | E8: wrqy-juv-978 | F8: stu-vwx-890
B9: fgh-jkl-345 | C9: 2021-08-26 10:30:00 | D9: 2021-08-26 11:00:00 | E9: xyz-pqr-901 | F9: yza-bcd-123
B10: wer-ert-678 | C10: 2021-08-27 13:45:00 | D10: 2021-08-27 14:15:00 | E10: 8woh-k3u-23b | F10: efg-hij-456
B11: cvb-nmm-901 | C11: 2021-08-28 09:00:00 | D11: 2021-08-28 09:05:00 | E11: wrqy-juv-978 | F11: klm-nop-789
B12: dfg-hjk-234 | C12: 2021-08-29 15:30:00 | D12: 2021-08-30 09:00:00 | E12: xyz-pqr-901 | F12: qrs-tuv-012
B13: uio-plk-567 | C13: 2021-08-30 11:20:00 | D13: 2021-08-30 11:25:00 | E13: 8woh-k3u-23b | F13: wxy-zab-345
B14: rty-fgh-890 | C14: 2021-08-31 08:00:00 | D14: 2021-08-31 10:00:00 | E14: wrqy-juv-978 | F14: cde-fgh-678

Sheet feedbacks
B2: cms_id | C2: feedback_at | D2: feedback_rating | E2: ticket_created_at
B3: vew-iuvd-12 | C3: 2021-08-21 13:26:48 | D3: 3 | E3: =IFERROR(INDEX(ticket!$C$3:$C$14,MATCH(B3,ticket!$F$3:$F$14,0)),"Not Found") -> 2021-08-19 16:45:43
B4: xpl-mno-345 | C4: 2021-08-22 10:00:00 | D4: 4 | E4: =IFERROR(INDEX(ticket!$C$3:$C$14,MATCH(B4,ticket!$F$3:$F$14,0)),"Not Found") -> 2021-08-21 11:09:22
B5: abc-def-678 | C5: 2021-08-22 10:00:00 | D5: 5 | E5: =IFERROR(INDEX(ticket!$C$3:$C$14,MATCH(B5,ticket!$F$3:$F$14,0)),"Not Found") -> 2021-08-22 09:30:00
B6: ghi-jkl-234 | C6: 2021-08-24 11:00:00 | D6: 2 | E6: =IFERROR(INDEX(ticket!$C$3:$C$14,MATCH(B6,ticket!$F$3:$F$14,0)),"Not Found") -> 2021-08-23 14:20:00
B7: mno-pqr-567 | C7: 2021-08-25 09:00:00 | D7: 4 | E7: =IFERROR(INDEX(ticket!$C$3:$C$14,MATCH(B7,ticket!$F$3:$F$14,0)),"Not Found") -> 2021-08-24 08:15:00
B8: stu-vwx-890 | C8: 2021-08-26 14:00:00 | D8: 3 | E8: =IFERROR(INDEX(ticket!$C$3:$C$14,MATCH(B8,ticket!$F$3:$F$14,0)),"Not Found") -> 2021-08-25 16:00:00
B9: yza-bcd-123 | C9: 2021-08-27 12:00:00 | D9: 5 | E9: =IFERROR(INDEX(ticket!$C$3:$C$14,MATCH(B9,ticket!$F$3:$F$14,0)),"Not Found") -> 2021-08-26 10:30:00
B10: efg-hij-456 | C10: 2021-08-28 15:00:00 | D10: 4 | E10: =IFERROR(INDEX(ticket!$C$3:$C$14,MATCH(B10,ticket!$F$3:$F$14,0)),"Not Found") -> 2021-08-27 13:45:00
B11: klm-nop-789 | C11: 2021-08-29 10:00:00 | D11: 5 | E11: =IFERROR(INDEX(ticket!$C$3:$C$14,MATCH(B11,ticket!$F$3:$F$14,0)),"Not Found") -> 2021-08-28 09:00:00
B12: qrs-tuv-012 | C12: 2021-08-30 16:00:00 | D12: 3 | E12: =IFERROR(INDEX(ticket!$C$3:$C$14,MATCH(B12,ticket!$F$3:$F$14,0)),"Not Found") -> 2021-08-29 15:30:00
B13: wxy-zab-345 | C13: 2021-08-31 12:00:00 | D13: 4 | E13: =IFERROR(INDEX(ticket!$C$3:$C$14,MATCH(B13,ticket!$F$3:$F$14,0)),"Not Found") -> 2021-08-30 11:20:00
B14: cde-fgh-678 | C14: 2021-09-01 10:00:00 | D14: 2 | E14: =IFERROR(INDEX(ticket!$C$3:$C$14,MATCH(B14,ticket!$F$3:$F$14,0)),"Not Found") -> 2021-08-31 08:00:00
B16: Note: ticket_created_at uses VLOOKUP formula to fetch data from 'ticket' sheet based on cms_id

Sheet Analysis
B2: Outlet-wise Ticket Analysis
B3: Tickets Created and Closed in Same Day / Same Hour
B5: Outlet ID | C5: Total Tickets | D5: Same Day Count | E5: Same Hour Count | F5: Same Day % | G5: Same Hour %
B6: wrqy-juv-978 | C6: =COUNTIF(ticket!$E$3:$E$14,B6) -> 5 | D6: =SUMPRODUCT((ticket!$E$3:$E$14=B6)*(INT(ticket!$C$3:$C$14)=INT(ticket!$D$3:$D$14))) -> 4 | E6: =SUMPRODUCT((ticket!$E$3:$E$14=B6)*(INT(ticket!$C$3:$C$14)=INT(ticket!$D$3:$D$14))*(HOUR(ticket!$C$3:$C$14)=HOUR(ticket!$D$3:$D$14))) -> 2 | F6: =IF(C6=0,0,D6/C6) -> 0.8 | G6: =IF(C6=0,0,E6/C6) -> 0.4
B7: 8woh-k3u-23b | C7: =COUNTIF(ticket!$E$3:$E$14,B7) -> 4 | D7: =SUMPRODUCT((ticket!$E$3:$E$14=B7)*(INT(ticket!$C$3:$C$14)=INT(ticket!$D$3:$D$14))) -> 4 | E7: =SUMPRODUCT((ticket!$E$3:$E$14=B7)*(INT(ticket!$C$3:$C$14)=INT(ticket!$D$3:$D$14))*(HOUR(ticket!$C$3:$C$14)=HOUR(ticket!$D$3:$D$14))) -> 2 | F7: =IF(C7=0,0,D7/C7) -> 1 | G7: =IF(C7=0,0,E7/C7) -> 0.5
B8: xyz-pqr-901 | C8: =COUNTIF(ticket!$E$3:$E$14,B8) -> 3 | D8: =SUMPRODUCT((ticket!$E$3:$E$14=B8)*(INT(ticket!$C$3:$C$14)=INT(ticket!$D$3:$D$14))) -> 1 | E8: =SUMPRODUCT((ticket!$E$3:$E$14=B8)*(INT(ticket!$C$3:$C$14)=INT(ticket!$D$3:$D$14))*(HOUR(ticket!$C$3:$C$14)=HOUR(ticket!$D$3:$D$14))) -> 0 | F8: =IF(C8=0,0,D8/C8) -> 0.33333333 | G8: =IF(C8=0,0,E8/C8) -> 0
B9: TOTAL | C9: =SUM(C6:C8) -> 12 | D9: =SUM(D6:D8) -> 9 | E9: =SUM(E6:E8) -> 4 | F9: =D9/C9 -> 0.75 | G9: =E9/C9 -> 0.33333333
B12: Formula Explanation:
B13: • Same Day Count: Uses SUMPRODUCT to count tickets where DATE(created_at) = DATE(closed_at)
B14: • Same Hour Count: Uses SUMPRODUCT to count tickets where DATE and HOUR both match
B15: • Percentages: Calculated as (Count / Total Tickets) for each outlet
